State,County,Year,median_aqi,sample_weight,% Hispanic or Latino,% White alone,% Black or African American alone,% American Indian and Alaska Native alone,% Asian alone,% Two or More Races
Alabama,Baldwin,2025,42,1.0,5.8,80.7,8.0,0.3,1.0,3.6
Alabama,Clay,2025,32,1.0,3.3,78.9,12.8,0.2,0.4,4.4
Alabama,DeKalb,2025,42,1.0,17.1,77.0,1.3,0.4,0.2,3.4
Alabama,Elmore,2025,32,0.9833333333333332,3.4,71.8,21.1,0.1,0.5,3.0
Alabama,Etowah,2025,45,1.0,5.2,76.2,14.7,0.1,0.7,2.8
Alabama,Jefferson,2025,53,1.0,5.5,47.5,42.1,0.1,1.9,2.3
Alabama,Lawrence,2025,23,0.1055555555555555,3.1,75.5,9.3,3.7,0.4,7.8
Alabama,Madison,2025,42,1.0,6.8,61.6,23.6,0.4,2.5,4.8
Alabama,Mobile,2025,43,1.0,3.5,54.8,35.7,0.3,2.2,3.0
Alabama,Montgomery,2025,44,1.0,5.0,29.7,58.8,0.0,3.4,3.0
Alabama,Morgan,2025,42,1.0,10.6,72.1,12.5,0.3,0.6,3.4
Alabama,Russell,2025,38,1.0,6.0,43.9,45.1,0.1,0.5,3.9
Alabama,Shelby,2025,33,1.0,7.6,73.2,13.4,0.1,2.2,3.0
Alabama,Sumter,2025,41,1.0,0.7,25.7,68.1,0.1,0.2,5.2
Alabama,Tuscaloosa,2025,41,1.0,5.6,58.9,30.8,0.2,1.6,2.8
Alaska,Aleutians East,2025,11,0.1111111111111111,8.7,16.9,3.0,39.8,19.0,11.1
Alaska,Anchorage,2025,24,1.0,9.5,54.2,4.8,7.0,9.8,10.7
Alaska,Denali,2025,38,1.0,8.1,71.8,2.7,2.9,2.2,10.0
Alaska,Fairbanks North Star,2025,42,1.0,8.5,66.8,3.9,5.8,2.8,10.6
Alaska,Kenai Peninsula,2025,8,0.1111111111111111,4.4,77.5,0.6,6.1,1.8,8.4
Alaska,Matanuska-Susitna,2025,7,0.9777777777777776,5.4,75.7,1.1,5.4,1.6,9.8
Alaska,North Slope,2025,7,0.1055555555555555,5.4,31.0,1.2,48.7,5.4,6.2
Arizona,Apache,2025,14,1.0,6.4,18.8,1.0,71.0,0.7,2.0
Arizona,Cochise,2025,46,1.0,34.7,54.1,2.9,0.5,1.9,5.2
Arizona,Coconino,2025,48,1.0,15.5,52.2,1.4,24.2,1.7,4.5
Arizona,Gila,2025,50,1.0,18.0,61.4,0.5,9.2,0.8,9.8
Arizona,La Paz,2025,47,1.0,25.6,57.3,1.4,10.9,1.4,3.3
Arizona,Maricopa,2025,71,1.0,31.2,52.5,5.4,1.3,4.5,4.5
Arizona,Mohave,2025,19,1.0,17.1,74.9,1.0,1.3,1.1,4.1
Arizona,Navajo,2025,12,1.0,10.9,42.7,1.0,41.0,0.4,3.6
Arizona,Pima,2025,55,1.0,36.4,50.5,3.3,1.9,2.9,4.3
Arizona,Pinal,2025,66,1.0,29.8,54.9,5.1,3.4,1.6,4.3
Arizona,Santa Cruz,2025,45,1.0,82.5,15.3,0.1,0.2,0.3,1.2
Arizona,Yavapai,2025,49,1.0,15.4,77.4,0.5,1.0,1.1,3.9
Arizona,Yuma,2025,49,1.0,64.9,29.0,1.5,0.8,1.0,2.3
Arkansas,Arkansas,2025,49,0.5055555555555555,4.1,67.1,26.1,0.1,0.1,2.4
Arkansas,Ashley,2025,49,0.5055555555555555,6.4,67.3,23.7,0.1,0.0,2.2
Arkansas,Clark,2025,35,1.0,5.6,67.3,23.2,0.0,0.8,2.8
Arkansas,Crittenden,2025,41,1.0,3.3,38.8,50.9,0.1,0.8,6.2
Arkansas,Garland,2025,49,0.5055555555555555,7.5,79.2,7.6,0.3,0.7,4.5
Arkansas,Jackson,2025,44,0.5055555555555555,3.3,75.1,15.2,0.5,0.4,5.6
Arkansas,Newton,2025,38,1.0,1.7,92.5,0.2,0.6,0.0,4.9
Arkansas,Polk,2025,40,1.0,7.0,86.3,0.1,0.7,0.1,5.4
Arkansas,Pulaski,2025,54,1.0,8.4,48.2,36.7,0.2,2.2,4.1
Arkansas,Union,2025,52,0.5055555555555555,4.7,59.4,32.1,0.2,0.9,2.7
Arkansas,Washington,2025,41,1.0,18.6,59.9,3.0,0.6,2.4,12.2
California,Amador,2025,40,1.0,16.0,72.6,1.9,1.0,1.3,5.8
California,Butte,2025,47,1.0,20.0,65.1,1.7,0.8,5.5,5.9
California,Calaveras,2025,43,1.0,14.5,76.4,1.0,1.1,2.2,4.6
California,Colusa,2025,39,1.0,62.9,29.8,1.5,0.5,0.9,2.5
California,Del Norte,2025,33,0.9944444444444444,19.9,59.9,2.5,5.2,3.2,7.6
California,El Dorado,2025,39,1.0,14.5,73.1,0.8,0.3,5.2,5.5
California,Fresno,2025,54,1.0,54.5,26.2,4.2,0.4,10.9,3.2
California,Glenn,2025,40,1.0,45.0,47.5,0.2,0.7,3.0,3.4
California,Humboldt,2025,36,1.0,14.2,69.5,1.3,3.1,3.0,8.0
California,Imperial,2025,64,1.0,86.0,9.1,2.0,0.6,1.3,0.9
California,Inyo,2025,54,1.0,24.2,58.0,0.5,9.3,1.5,5.7
California,Kern,2025,61,1.0,56.5,29.6,4.8,0.3,5.1,3.0
California,Kings,2025,53,1.0,58.2,28.0,5.8,0.7,3.6,3.2
California,Lake,2025,17,0.1888888888888888,24.6,64.0,2.0,1.6,1.4,5.6
California,Los Angeles,2025,77,1.0,48.4,24.7,7.4,0.2,14.9,3.5
California,Madera,2025,43,0.6666666666666666,60.9,29.9,2.4,0.4,2.4,3.4
California,Marin,2025,21,0.1111111111111111,19.5,65.1,2.1,0.1,6.1,5.9
California,Mariposa,2025,45,1.0,14.7,74.0,0.9,1.3,1.9,5.8
California,Merced,2025,43,0.5,63.4,23.2,2.6,0.2,7.1,2.9
California,Mono,2025,22,1.0,27.1,64.9,0.1,1.2,1.8,3.9
California,Monterey,2025,40,1.0,61.6,26.9,2.0,0.1,5.5,3.0
California,Nevada,2025,44,1.0,10.7,80.7,0.3,0.3,1.6,5.7
California,Orange,2025,52,1.0,34.2,36.9,1.5,0.1,22.2,4.3
California,Placer,2025,51,1.0,15.7,65.5,1.6,0.2,9.1,7.2
California,Plumas,2025,46,1.0,10.3,80.8,1.0,1.5,0.8,5.3
California,Riverside,2025,87,1.0,51.3,31.0,6.0,0.3,6.9,3.6
California,Sacramento,2025,48,1.0,24.2,40.6,9.0,0.2,17.6,6.7
California,San Benito,2025,41,1.0,62.4,29.2,0.8,0.2,3.5,3.6
California,San Bernardino,2025,90,1.0,55.2,24.7,7.5,0.3,8.1,3.5
California,San Diego,2025,54,1.0,34.6,42.4,4.4,0.2,12.1,5.3
California,San Joaquin,2025,44,1.0,42.5,26.8,6.6,0.3,18.2,4.6
California,San Luis Obispo,2025,51,1.0,25.0,64.5,1.1,0.1,3.4,5.1
California,Santa Barbara,2025,54,1.0,48.2,40.6,1.5,0.2,5.2,3.7
California,Santa Cruz,2025,37,1.0,35.2,53.9,0.7,0.1,4.7,4.5
California,Shasta,2025,44,1.0,11.8,75.3,0.8,1.3,3.4,6.7
California,Siskiyou,2025,6,0.0833333333333333,13.5,73.3,1.3,2.7,1.8,6.5
California,Solano,2025,34,1.0,29.6,33.2,12.3,0.2,15.9,6.9
California,Sonoma,2025,9,1.0,30.0,57.9,1.5,0.3,4.3,5.0
California,Stanislaus,2025,45,1.0,50.0,36.3,2.6,0.3,5.9,4.0
California,Sutter,2025,48,1.0,32.9,40.7,1.6,0.7,17.5,5.1
California,Tehama,2025,36,1.0,29.1,61.4,0.8,1.2,1.7,4.7
California,Trinity,2025,33,0.8444444444444444,6.1,77.4,1.1,3.7,0.6,6.9
California,Tulare,2025,59,1.0,66.6,25.5,1.3,0.4,3.5,2.0
California,Tuolumne,2025,40,1.0,13.6,78.0,1.8,0.6,1.5,3.8
California,Ventura,2025,50,1.0,44.3,41.9,1.7,0.1,7.1,4.1
California,Yolo,2025,47,1.0,33.4,41.8,2.4,0.4,14.9,6.1
Colorado,Adams,2025,50,1.0,42.8,45.2,3.3,0.3,3.8,3.7
Colorado,Alamosa,2025,24,1.0,48.2,45.2,1.7,1.0,1.0,2.4
Colorado,Arapahoe,2025,51,1.0,21.7,55.2,10.5,0.3,6.0,5.5
Colorado,Archuleta,2025,32,1.0,16.6,77.4,0.0,1.2,0.7,3.7
Colorado,Boulder,2025,50,1.0,14.7,74.5,0.8,0.2,4.7,4.8
Colorado,Clear Creek,2025,48,1.0,7.8,85.8,0.1,0.7,1.8,3.0
Colorado,Delta,2025,28,0.65,14.5,79.8,0.7,0.2,0.5,3.1
Colorado,Denver,2025,54,1.0,28.0,54.0,8.6,0.3,3.6,4.8
Colorado,Douglas,2025,49,1.0,10.2,77.0,1.3,0.2,5.8,4.9
Colorado,El Paso,2025,49,1.0,18.7,65.6,5.5,0.2,2.8,6.4
Colorado,Fremont,2025,25,1.0,13.2,77.8,3.3,1.1,0.9,2.9
Colorado,Garfield,2025,44,1.0,32.6,61.5,0.6,0.2,0.8,3.4
Colorado,Gilpin,2025,48,1.0,7.4,84.8,2.6,1.1,1.1,3.0
Colorado,Gunnison,2025,49,1.0,10.0,84.1,0.4,0.3,0.5,3.8
Colorado,Jackson,2025,3,0.0944444444444444,10.5,86.6,1.3,0.4,0.0,1.2
Colorado,Jefferson,2025,51,1.0,16.1,75.2,1.1,0.2,2.9,4.0
Colorado,La Plata,2025,50,1.0,12.9,76.1,0.2,4.6,0.8,4.3
Colorado,Larimer,2025,54,1.0,12.9,79.2,1.0,0.2,2.2,3.8
Colorado,Mesa,2025,47,1.0,15.5,78.4,0.6,0.4,0.9,3.5
Colorado,Montezuma,2025,46,1.0,12.5,70.5,0.7,9.0,0.9,5.7
Colorado,Pitkin,2025,21,1.0,11.4,80.3,0.4,0.3,2.0,5.4
Colorado,Prowers,2025,24,1.0,40.5,55.0,1.0,0.0,0.3,3.0
Colorado,Pueblo,2025,48,1.0,42.1,51.0,1.9,0.4,0.8,3.2
Colorado,Routt,2025,23,1.0,9.0,80.1,0.2,0.3,0.6,9.0
Colorado,San Juan,2025,4,0.1111111111111111,18.2,76.2,0.0,1.0,0.0,4.6
Colorado,San Miguel,2025,21,1.0,11.7,84.0,1.0,0.1,0.6,2.5
Colorado,Weld,2025,52,1.0,31.0,62.0,1.3,0.3,1.6,3.2
Delaware,Kent,2025,44,1.0,8.1,56.5,26.4,0.3,2.5,5.6
Delaware,New Castle,2025,46,1.0,11.8,52.3,24.9,0.0,6.2,4.2
Delaware,Sussex,2025,43,1.0,11.5,72.3,9.8,0.2,1.3,4.4
Florida,Alachua,2025,37,1.0,12.6,57.6,19.0,0.1,6.0,4.1
Florida,Baker,2025,45,1.0,4.1,77.6,10.9,0.0,0.8,6.6
Florida,Bay,2025,46,1.0,9.2,72.7,9.8,0.2,2.0,5.6
Florida,Brevard,2025,37,1.0,12.2,70.2,9.4,0.1,2.4,4.8
Florida,Broward,2025,43,1.0,32.8,30.7,27.4,0.1,3.6,4.3
Florida,Citrus,2025,44,1.0,7.0,85.3,1.7,0.2,1.3,4.1
Florida,Collier,2025,43,1.0,28.2,61.4,6.4,0.1,1.5,2.0
Florida,Columbia,2025,48,1.0,7.9,70.3,16.1,0.1,1.0,3.9
Florida,Duval,2025,52,1.0,12.4,48.4,28.2,0.1,4.9,5.2
Florida,Escambia,2025,44,1.0,7.0,61.7,20.8,0.2,2.8,7.0
Florida,Flagler,2025,34,1.0,11.6,72.4,8.8,0.0,2.4,4.0
Florida,Hamilton,2025,49,1.0,11.5,54.5,30.4,0.5,0.6,2.5
Florida,Highlands,2025,34,1.0,22.2,63.1,9.3,0.2,1.5,3.1
Florida,Hillsborough,2025,51,1.0,30.4,44.8,15.3,0.1,4.5,4.1
Florida,Holmes,2025,48,1.0,3.7,84.2,5.8,0.4,0.6,4.9
Florida,Indian River,2025,36,1.0,13.9,72.5,7.7,0.2,1.5,3.5
Florida,Lake,2025,35,1.0,18.8,63.6,10.2,0.1,2.0,4.4
Florida,Lee,2025,42,1.0,24.7,62.0,7.6,0.1,1.7,3.2
Florida,Leon,2025,50,1.0,8.2,53.2,30.2,0.0,3.5,4.4
Florida,Liberty,2025,32,1.0,6.4,76.6,11.5,0.5,0.2,4.6
Florida,Manatee,2025,38,1.0,18.3,67.6,7.6,0.1,2.2,3.8
Florida,Marion,2025,46,1.0,17.0,65.5,11.6,0.1,1.7,3.4
Florida,Martin,2025,41,1.0,15.9,74.8,4.7,0.1,1.3,2.9
Florida,Miami-Dade,2025,49,1.0,69.3,12.6,14.1,0.1,1.5,1.9
Florida,Okaloosa,2025,37,1.0,11.3,69.3,9.1,0.1,3.2,6.3
Florida,Orange,2025,44,1.0,33.8,35.9,19.1,0.1,5.3,4.8
Florida,Osceola,2025,41,1.0,56.0,27.2,9.9,0.0,2.7,3.3
Florida,Palm Beach,2025,42,1.0,24.4,49.6,18.1,0.1,2.8,4.1
Florida,Pasco,2025,37,1.0,18.6,67.5,6.0,0.1,3.4,3.8
Florida,Pinellas,2025,44,1.0,11.2,71.0,9.4,0.1,3.6,4.0
Florida,Polk,2025,34,1.0,29.2,50.8,14.1,0.1,1.8,3.4
Florida,Putnam,2025,21,1.0,11.2,69.3,14.7,0.2,0.5,3.6
Florida,Santa Rosa,2025,45,1.0,6.9,78.4,5.5,0.1,1.9,6.3
Florida,Sarasota,2025,47,1.0,10.7,80.0,3.9,0.1,1.9,2.9
Florida,Seminole,2025,40,1.0,23.9,54.7,11.1,0.1,5.3,4.2
Florida,St. Lucie,2025,32,1.0,21.8,51.1,20.9,0.1,2.0,3.5
Florida,Volusia,2025,42,1.0,16.3,67.6,10.3,0.1,2.0,3.2
Florida,Wakulla,2025,43,1.0,4.9,76.7,13.7,0.3,0.4,3.5
Georgia,Bibb,2025,51,1.0,4.7,34.3,54.7,0.0,2.3,3.2
Georgia,Charlton,2025,24,0.1055555555555555,15.4,54.4,24.8,0.4,1.1,3.9
Georgia,Chatham,2025,44,1.0,8.3,45.3,38.4,0.1,3.0,3.9
Georgia,Clarke,2025,44,1.0,11.8,54.1,25.6,0.2,4.1,3.8
Georgia,Clayton,2025,49,0.45,14.5,7.8,68.5,0.1,4.9,3.3
Georgia,Cobb,2025,36,1.0,15.1,47.1,26.4,0.1,5.4,5.0
Georgia,Coffee,2025,44,1.0,13.5,55.6,28.0,0.1,0.7,1.6
Georgia,Dawson,2025,35,1.0,7.3,85.7,1.9,0.0,1.3,3.3
Georgia,DeKalb,2025,46,1.0,10.6,27.9,50.4,0.1,6.1,4.2
Georgia,Dougherty,2025,46,1.0,3.3,22.8,70.2,0.1,0.7,2.6
Georgia,Douglas,2025,40,0.5444444444444444,12.2,31.1,49.2,0.1,1.8,4.3
Georgia,Floyd,2025,38,1.0,12.4,68.8,13.6,0.0,1.5,3.4
Georgia,Fulton,2025,49,1.0,8.2,36.8,42.1,0.1,7.8,4.2
Georgia,Glynn,2025,39,1.0,7.8,61.8,24.1,0.1,1.3,4.7
Georgia,Gwinnett,2025,45,1.0,23.7,30.6,27.8,0.1,13.2,4.0
Georgia,Hall,2025,46,1.0,29.1,57.9,6.7,0.0,2.2,3.6
Georgia,Henry,2025,41,1.0,8.3,32.4,51.2,0.1,3.3,3.9
Georgia,Houston,2025,44,1.0,7.6,51.4,32.2,0.1,3.0,5.1
Georgia,Lowndes,2025,49,1.0,7.1,50.6,37.0,0.1,1.7,3.2
Georgia,Murray,2025,39,1.0,16.1,79.6,0.6,0.0,0.4,2.6
Georgia,Muscogee,2025,46,1.0,8.5,36.7,46.1,0.0,2.6,5.2
Georgia,Pike,2025,39,1.0,2.3,86.1,8.4,0.0,0.5,1.8
Georgia,Richmond,2025,49,1.0,5.8,31.4,55.7,0.1,1.6,4.7
Georgia,Rockdale,2025,36,1.0,10.9,24.0,57.5,0.0,1.6,5.3
Georgia,Walker,2025,46,1.0,2.9,89.3,3.0,0.3,0.4,4.1
Georgia,Washington,2025,47,1.0,2.2,41.7,53.1,0.0,0.5,2.3
Hawaii,Hawaii,2025,30,1.0,11.7,29.9,0.8,0.2,20.2,24.9
Hawaii,Honolulu,2025,31,1.0,9.4,17.2,2.2,0.1,41.6,20.1
Hawaii,Maui,2025,22,1.0,10.6,29.0,0.8,0.1,27.7,21.7
Idaho,Ada,2025,39,1.0,9.8,80.9,1.3,0.3,2.7,4.3
Idaho,Bannock,2025,31,1.0,9.9,80.3,0.8,2.1,1.5,4.1
Idaho,Benewah,2025,37,1.0,3.8,83.6,0.5,7.2,0.0,4.6
Idaho,Blaine,2025,22,0.9222222222222224,21.8,71.9,0.3,0.1,0.6,4.8
Idaho,Boise,2025,43,1.0,5.1,83.5,0.2,1.0,1.5,6.5
Idaho,Bonner,2025,41,1.0,4.0,89.0,0.3,0.4,0.5,4.7
Idaho,Bonneville,2025,19,0.9722222222222222,14.5,80.2,0.3,0.4,0.9,3.3
Idaho,Butte,2025,44,1.0,6.4,88.7,0.0,0.0,0.0,4.5
Idaho,Canyon,2025,30,0.9944444444444444,26.0,67.1,0.7,0.3,0.8,4.0
Idaho,Custer,2025,3,0.1111111111111111,4.5,88.4,0.3,0.4,3.1,3.0
Idaho,Franklin,2025,22,0.9277777777777778,7.4,89.4,0.1,0.1,0.1,2.4
Idaho,Idaho,2025,39,1.0,4.0,89.1,0.1,1.8,0.5,3.8
Idaho,Kootenai,2025,24,1.0,5.7,85.6,0.3,0.6,0.7,6.2
Idaho,Latah,2025,24,0.8611111111111112,5.2,84.5,1.0,0.5,2.1,6.1
Idaho,Lemhi,2025,23,1.0,3.9,91.5,0.1,0.4,0.0,3.5
Idaho,Nez Perce,2025,29,1.0,4.4,85.5,0.2,4.2,0.9,4.2
Idaho,Shoshone,2025,37,1.0,4.1,88.7,1.0,0.9,0.3,4.5
Idaho,Twin Falls,2025,24,1.0,18.0,75.3,0.8,0.3,1.1,3.7
Idaho,Valley,2025,32,0.9388888888888888,5.4,90.1,0.0,0.1,0.2,3.1
Illinois,Adams,2025,38,1.0,2.1,90.0,2.8,0.1,0.7,4.1
Illinois,Champaign,2025,44,1.0,8.3,62.4,13.4,0.1,11.4,4.1
Illinois,Clark,2025,36,1.0,1.9,95.0,0.5,0.0,0.1,2.5
Illinois,Cook,2025,53,1.0,26.8,40.1,21.8,0.1,7.9,3.0
Illinois,DuPage,2025,44,1.0,16.1,62.2,4.8,0.0,13.0,3.5
Illinois,Effingham,2025,35,1.0,2.8,94.2,0.3,0.0,0.8,1.6
Illinois,Hamilton,2025,43,1.0,0.7,94.7,0.2,0.2,0.5,3.2
Illinois,Jersey,2025,44,1.0,1.6,94.6,0.6,0.0,0.7,2.4
Illinois,Jo Daviess,2025,35,1.0,4.2,91.9,0.8,0.1,0.5,2.2
Illinois,Kane,2025,46,1.0,33.4,54.0,4.7,0.1,4.0,3.4
Illinois,Lake,2025,40,1.0,24.9,56.2,6.3,0.1,8.6,3.3
Illinois,Macon,2025,44,1.0,2.9,73.3,16.2,0.1,1.5,5.6
Illinois,Macoupin,2025,37,1.0,1.4,93.5,1.5,0.1,0.3,3.0
Illinois,Madison,2025,48,1.0,4.3,81.8,7.7,0.1,0.8,5.0
Illinois,McHenry,2025,43,1.0,16.1,76.1,1.4,0.0,3.0,3.2
Illinois,McLean,2025,44,1.0,6.4,76.2,8.4,0.1,5.2,3.3
Illinois,Peoria,2025,47,1.0,6.0,66.1,17.2,0.1,4.6,5.5
Illinois,Randolph,2025,44,1.0,3.8,85.1,8.2,0.1,0.6,1.9
Illinois,Rock Island,2025,41,1.0,14.2,67.4,10.9,0.1,2.6,4.4
Illinois,Sangamon,2025,42,1.0,2.9,77.3,12.5,0.1,2.3,4.3
Illinois,Will,2025,45,1.0,19.8,58.6,11.6,0.1,6.3,3.4
Illinois,Winnebago,2025,41,1.0,15.5,63.8,11.6,0.1,2.9,5.8
Indiana,Allen,2025,45,1.0,9.0,69.8,10.5,0.0,5.3,4.8
Indiana,Bartholomew,2025,44,1.0,9.2,77.7,1.8,0.1,7.4,3.4
Indiana,Boone,2025,38,1.0,4.3,86.2,3.0,0.0,3.6,2.8
Indiana,Brown,2025,37,1.0,1.9,94.2,0.3,0.4,0.6,2.3
Indiana,Carroll,2025,37,1.0,4.6,92.5,0.3,0.0,0.1,2.4
Indiana,Clark,2025,46,1.0,6.9,79.6,7.0,0.0,1.2,4.9
Indiana,Delaware,2025,44,1.0,3.3,84.3,5.2,0.1,1.6,5.0
Indiana,Dubois,2025,39,1.0,10.0,86.9,0.8,0.1,0.5,1.5
Indiana,Elkhart,2025,44,1.0,20.1,69.9,4.7,0.2,1.0,3.6
Indiana,Floyd,2025,46,1.0,4.3,85.3,4.8,0.0,1.2,4.1
Indiana,Greene,2025,41,1.0,2.1,95.2,0.5,0.0,0.2,1.8
Indiana,Hamilton,2025,47,1.0,5.6,78.6,4.4,0.0,6.9,3.8
Indiana,Hendricks,2025,38,1.0,5.2,77.3,10.0,0.1,3.3,3.7
Indiana,Henry,2025,38,1.0,2.3,92.1,2.2,0.1,0.5,2.6
Indiana,Howard,2025,46,1.0,4.1,82.6,7.3,0.0,1.4,4.2
Indiana,Knox,2025,38,1.0,3.0,89.4,1.7,0.0,0.9,4.8
Indiana,LaPorte,2025,44,1.0,7.6,76.0,10.3,0.1,0.6,4.9
Indiana,Lake,2025,53,1.0,20.9,51.4,22.7,0.1,1.6,2.9
Indiana,Madison,2025,42,1.0,5.4,82.0,6.1,0.1,0.7,5.4
Indiana,Marion,2025,53,1.0,13.8,49.5,27.1,0.1,4.0,4.9
Indiana,Monroe,2025,36,1.0,4.8,80.7,3.5,0.0,6.8,3.9
Indiana,Perry,2025,38,1.0,1.6,92.5,2.1,0.1,0.6,2.9
Indiana,Porter,2025,44,1.0,11.7,79.1,4.3,0.0,1.4,3.1
Indiana,Posey,2025,39,1.0,1.5,93.2,0.7,0.1,0.3,2.9
Indiana,Shelby,2025,37,1.0,5.6,89.8,1.4,0.0,1.0,2.1
Indiana,Spencer,2025,42,1.0,3.6,93.2,0.6,0.0,0.2,2.0
Indiana,St. Joseph,2025,44,1.0,10.5,68.9,12.3,0.1,2.7,4.9
Indiana,Tippecanoe,2025,39,1.0,10.3,71.6,6.2,0.1,8.0,3.3
Indiana,Vanderburgh,2025,44,1.0,3.8,80.3,8.4,0.1,1.4,5.1
Indiana,Vigo,2025,45,1.0,3.2,84.0,5.8,0.1,2.1,4.4
Indiana,Wabash,2025,37,1.0,3.2,92.2,0.9,0.1,0.4,2.9
Indiana,Warrick,2025,40,1.0,2.5,89.5,1.7,0.1,1.7,3.8
Indiana,Whitley,2025,38,1.0,2.8,91.9,0.2,0.1,0.3,3.9
Iowa,Black Hawk,2025,48,1.0,5.2,78.1,9.1,0.1,2.7,3.9
Iowa,Bremer,2025,38,1.0,2.1,92.3,1.1,0.0,0.9,2.6
Iowa,Clinton,2025,45,1.0,3.6,89.0,3.1,0.1,0.7,3.4
Iowa,Harrison,2025,39,1.0,2.2,94.4,0.1,0.0,0.3,2.7
Iowa,Johnson,2025,36,1.0,6.7,74.8,7.6,0.1,5.6,4.6
Iowa,Linn,2025,44,1.0,4.1,82.4,5.9,0.1,2.4,4.7
Iowa,Montgomery,2025,43,1.0,0.8,92.0,1.8,0.1,1.1,3.2
Iowa,Muscatine,2025,41,1.0,18.8,75.0,2.2,0.1,0.6,3.1
Iowa,Palo Alto,2025,42,1.0,3.5,91.3,1.6,0.1,0.6,2.8
Iowa,Polk,2025,46,1.0,10.4,73.2,7.3,0.1,4.9,3.8
Iowa,Pottawattamie,2025,41,0.5,9.1,84.5,1.8,0.2,0.9,3.0
Iowa,Scott,2025,45,1.0,7.4,77.0,7.1,0.1,2.8,5.1
Iowa,Van Buren,2025,46,1.0,1.8,94.4,0.4,0.1,0.0,2.4
Iowa,Webster,2025,48,0.6833333333333333,6.6,83.9,3.3,0.1,1.2,4.7
Iowa,Woodbury,2025,39,1.0,19.1,67.1,4.9,1.3,2.3,4.3
Kansas,Chase,2025,22,0.1,8.4,86.3,1.1,0.2,0.5,3.5
Kansas,Douglas,2025,41,0.9,7.2,76.0,4.2,1.0,4.3,6.8
Kansas,Ford,2025,26,1.0,59.1,35.4,2.4,0.0,0.9,1.8
Kansas,Johnson,2025,43,1.0,9.3,76.1,4.8,0.1,5.2,4.0
Kansas,Leavenworth,2025,36,1.0,7.6,77.4,6.8,0.3,1.3,5.9
Kansas,Neosho,2025,43,1.0,6.0,88.0,1.5,0.1,0.5,3.7
Kansas,Sedgwick,2025,48,1.0,16.5,64.9,7.6,0.4,4.2,5.8
Kansas,Shawnee,2025,44,1.0,13.8,71.0,6.6,0.4,1.3,6.3
Kansas,Sherman,2025,25,0.8277777777777777,13.0,82.8,1.8,0.0,0.1,2.3
Kansas,Sumner,2025,43,1.0,6.1,86.5,1.1,0.5,0.4,4.7
Kansas,Trego,2025,41,1.0,1.1,95.2,0.0,0.5,0.7,1.6
Kansas,Wyandotte,2025,44,0.9333333333333332,34.1,36.4,18.1,0.3,5.2,5.1
Kentucky,Bell,2025,43,1.0,0.5,92.6,3.0,0.1,0.3,3.2
Kentucky,Boone,2025,38,0.6777777777777778,5.9,82.3,4.4,0.0,2.4,4.2
Kentucky,Boyd,2025,39,1.0,1.8,92.2,2.3,0.1,0.4,3.2
Kentucky,Bullitt,2025,39,0.6111111111111112,3.3,90.8,1.3,0.0,0.7,3.5
Kentucky,Campbell,2025,39,1.0,2.6,90.3,2.8,0.0,0.9,2.9
Kentucky,Carter,2025,36,1.0,0.9,95.2,0.3,0.0,0.3,3.3
Kentucky,Christian,2025,41,1.0,8.7,63.8,18.3,0.1,1.2,7.0
Kentucky,Daviess,2025,42,1.0,4.3,84.9,4.0,0.1,2.1,3.8
Kentucky,Edmonson,2025,38,1.0,1.7,91.6,0.7,0.1,0.6,4.4
Kentucky,Fayette,2025,40,1.0,9.5,66.7,14.4,0.0,4.3,4.7
Kentucky,Greenup,2025,37,0.6777777777777778,1.2,94.8,0.7,0.1,0.6,2.6
Kentucky,Hancock,2025,44,0.6777777777777778,0.8,94.1,1.3,0.0,0.1,2.9
Kentucky,Hardin,2025,44,0.7055555555555556,6.5,74.4,10.7,0.2,2.2,5.7
Kentucky,Jefferson,2025,48,1.0,8.6,62.0,20.6,0.1,3.1,5.2
Kentucky,Jessamine,2025,41,0.9944444444444444,5.0,85.5,4.0,0.0,1.8,3.2
Kentucky,Livingston,2025,40,0.5888888888888889,2.5,94.1,0.1,0.1,0.1,3.1
Kentucky,McCracken,2025,39,1.0,3.4,81.1,9.7,0.1,0.9,4.2
Kentucky,Morgan,2025,35,1.0,3.6,89.2,5.0,0.0,0.5,1.7
Kentucky,Oldham,2025,39,0.6777777777777778,5.0,85.6,2.9,0.1,1.6,4.1
Kentucky,Perry,2025,38,1.0,0.2,93.7,1.7,0.1,0.6,3.3
Kentucky,Pike,2025,36,1.0,1.3,93.9,0.6,0.0,0.6,3.6
Kentucky,Pulaski,2025,41,1.0,3.1,92.3,0.8,0.1,0.8,2.8
Kentucky,Simpson,2025,39,0.6722222222222223,3.6,83.9,6.9,0.1,0.2,5.3
Kentucky,Warren,2025,37,1.0,7.1,73.8,9.1,0.1,5.0,4.2
Kentucky,Washington,2025,38,1.0,0.2,87.4,4.6,0.0,0.6,7.2
Louisiana,Ascension,2025,33,1.0,8.4,63.5,22.8,0.2,1.0,3.6
Louisiana,Bossier,2025,40,1.0,8.3,61.6,23.5,0.1,1.6,4.3
Louisiana,Caddo,2025,38,1.0,3.8,42.1,48.7,0.2,1.2,3.6
Louisiana,Calcasieu,2025,47,1.0,5.4,64.7,23.3,0.1,1.5,4.3
Louisiana,East Baton Rouge,2025,51,1.0,6.9,41.6,43.6,0.1,3.3,4.0
Louisiana,Iberville,2025,41,1.0,5.2,46.0,43.2,0.2,0.0,4.6
Louisiana,Jefferson,2025,48,1.0,18.9,47.2,25.1,0.1,4.2,3.7
Louisiana,Lafayette,2025,47,1.0,6.7,61.7,25.4,0.1,1.9,3.6
Louisiana,Lafourche,2025,46,1.0,5.9,74.2,12.8,2.3,0.6,4.0
Louisiana,Livingston,2025,45,1.0,6.6,80.2,8.9,0.1,0.7,3.0
Louisiana,Orleans,2025,44,1.0,8.2,30.1,53.9,0.1,2.8,4.0
Louisiana,Ouachita,2025,46,1.0,3.7,55.3,37.2,0.1,1.1,2.3
Louisiana,Pointe Coupee,2025,35,1.0,3.5,59.7,32.6,0.4,0.1,3.6
Louisiana,Rapides,2025,35,0.3166666666666666,4.2,59.4,30.7,0.4,1.1,3.7
Louisiana,St. Bernard,2025,45,1.0,13.9,55.5,23.6,0.7,1.9,4.2
Louisiana,St. James,2025,34,1.0,2.0,49.3,47.4,0.1,0.0,1.1
Louisiana,St. John the Baptist,2025,35,1.0,8.9,29.5,56.8,0.1,0.9,3.3
Louisiana,St. Martin,2025,36,1.0,3.6,63.1,28.6,0.2,0.8,3.3
Louisiana,St. Tammany,2025,38,1.0,8.2,72.4,12.0,0.2,1.3,4.6
Louisiana,Tangipahoa,2025,38,0.3444444444444444,5.8,60.5,29.2,0.1,0.8,3.3
Louisiana,Terrebonne,2025,39,0.3388888888888889,7.2,63.8,18.3,4.5,1.1,4.8
Louisiana,West Baton Rouge,2025,50,1.0,4.6,52.2,40.8,0.0,0.5,1.7
Maine,Androscoggin,2025,35,1.0,2.2,87.2,5.5,0.0,1.2,3.6
Maine,Aroostook,2025,36,1.0,1.7,92.5,0.7,1.1,0.3,3.3
Maine,Cumberland,2025,39,1.0,2.8,85.6,3.4,0.1,2.2,5.5
Maine,Hancock,2025,37,1.0,1.9,92.6,1.0,0.4,1.0,2.8
Maine,Kennebec,2025,36,1.0,2.3,91.8,0.9,0.2,0.9,3.7
Maine,Knox,2025,34,1.0,1.9,93.2,0.3,0.1,0.5,3.8
Maine,Oxford,2025,39,1.0,1.7,92.2,0.3,0.2,0.7,4.5
Maine,Penobscot,2025,34,1.0,2.1,91.1,1.1,0.7,1.1,3.4
Maine,Sagadahoc,2025,35,1.0,2.0,92.0,0.5,0.0,0.7,4.4
Maine,Washington,2025,36,1.0,2.5,87.6,0.7,4.4,0.3,4.1
Maine,York,2025,36,1.0,2.2,90.1,1.1,0.1,1.1,4.9
Maryland,Anne Arundel,2025,40,1.0,10.5,61.7,17.6,0.1,4.2,5.4
Maryland,Baltimore,2025,44,1.0,7.8,51.1,30.1,0.1,6.1,4.1
Maryland,Calvert,2025,38,1.0,5.2,73.6,11.9,0.1,1.9,6.6
Maryland,Carroll,2025,38,1.0,5.1,84.5,4.0,0.1,2.4,3.2
Maryland,Cecil,2025,41,1.0,5.6,80.4,7.1,0.1,1.2,5.0
Maryland,Charles,2025,38,1.0,7.9,32.0,48.4,0.2,3.3,7.4
Maryland,Dorchester,2025,40,1.0,6.1,60.7,24.8,0.0,1.2,6.4
Maryland,Frederick,2025,41,1.0,12.9,65.7,10.1,0.1,5.9,5.0
Maryland,Garrett,2025,41,1.0,1.4,94.7,0.6,0.2,0.5,2.0
Maryland,Harford,2025,43,1.0,5.8,71.6,14.1,0.1,3.0,4.7
Maryland,Howard,2025,36,1.0,8.7,45.9,19.7,0.1,19.2,5.7
Maryland,Kent,2025,40,1.0,5.8,75.9,14.0,0.0,1.3,2.7
Maryland,Montgomery,2025,41,1.0,21.0,39.5,18.3,0.1,15.3,4.8
Maryland,Prince George's,2025,41,1.0,22.5,10.8,58.2,0.1,3.9,3.8
Maryland,Washington,2025,42,1.0,7.9,73.3,11.5,0.1,1.6,5.3
Massachusetts,Barnstable,2025,38,1.0,3.7,85.2,2.8,0.3,1.5,5.2
Massachusetts,Berkshire,2025,41,1.0,5.9,84.8,2.6,0.1,1.9,4.3
Massachusetts,Bristol,2025,41,1.0,10.2,75.3,4.0,0.1,2.4,6.2
Massachusetts,Dukes,2025,37,1.0,3.3,80.0,2.7,1.0,1.5,8.6
Massachusetts,Essex,2025,42,1.0,24.1,64.5,3.5,0.0,3.5,3.5
Massachusetts,Franklin,2025,40,1.0,5.4,87.5,1.3,0.0,2.0,3.2
Massachusetts,Hampden,2025,41,1.0,27.0,59.3,7.6,0.0,2.5,3.1
Massachusetts,Hampshire,2025,39,1.0,7.4,80.3,2.5,0.1,5.3,4.1
Massachusetts,Middlesex,2025,41,1.0,9.3,65.1,4.7,0.1,13.6,5.8
Massachusetts,Norfolk,2025,43,1.0,5.8,68.7,7.1,0.1,12.4,4.8
Massachusetts,Plymouth,2025,40,1.0,4.9,76.1,7.8,0.1,1.7,6.8
Massachusetts,Suffolk,2025,39,1.0,23.2,43.6,17.1,0.1,9.2,5.6
Massachusetts,Worcester,2025,42,1.0,13.7,70.3,4.8,0.1,5.3,4.7
Michigan,Allegan,2025,43,1.0,8.1,84.6,1.2,0.2,0.7,4.7
Michigan,Bay,2025,38,1.0,5.9,88.2,1.0,0.1,0.5,3.7
Michigan,Benzie,2025,35,1.0,2.5,91.4,0.6,0.9,0.5,3.2
Michigan,Berrien,2025,41,1.0,6.3,72.7,13.1,0.2,1.8,5.2
Michigan,Cass,2025,40,1.0,4.5,84.0,4.0,0.7,0.8,5.2
Michigan,Clinton,2025,39,1.0,5.2,87.3,1.8,0.2,1.5,3.4
Michigan,Genesee,2025,38,1.0,4.3,70.0,19.1,0.2,1.1,4.8
Michigan,Huron,2025,38,1.0,2.8,93.3,0.3,0.2,0.6,2.3
Michigan,Ingham,2025,37,1.0,8.7,66.6,11.0,0.2,6.2,6.4
Michigan,Kalamazoo,2025,40,1.0,5.9,74.6,10.8,0.1,2.8,5.4
Michigan,Kent,2025,46,1.0,11.7,70.4,9.4,0.2,3.2,4.6
Michigan,Keweenaw,2025,7,0.1055555555555555,2.0,92.7,0.0,0.1,0.0,3.2
Michigan,Lenawee,2025,41,1.0,8.9,84.8,2.3,0.1,0.3,3.3
Michigan,Macomb,2025,41,1.0,3.2,74.1,12.7,0.1,5.1,4.4
Michigan,Manistee,2025,34,1.0,3.6,87.4,3.2,1.2,0.4,4.0
Michigan,Marquette,2025,18,0.6833333333333333,2.1,90.7,1.3,0.9,0.5,4.2
Michigan,Mason,2025,36,1.0,4.9,89.4,1.0,0.4,0.5,3.7
Michigan,Missaukee,2025,36,1.0,3.4,90.4,0.3,0.2,0.4,5.0
Michigan,Muskegon,2025,39,1.0,6.3,75.0,12.0,0.4,0.6,5.6
Michigan,Oakland,2025,41,1.0,5.0,68.2,12.7,0.1,8.5,4.8
Michigan,Ottawa,2025,40,1.0,10.3,81.7,1.5,0.1,2.7,3.2
Michigan,Schoolcraft,2025,32,1.0,1.7,81.7,0.5,7.3,0.2,8.6
Michigan,St. Clair,2025,39,1.0,3.7,89.7,2.1,0.1,0.5,3.6
Michigan,Tuscola,2025,37,1.0,3.8,91.5,1.0,0.2,0.4,3.0
Michigan,Washtenaw,2025,41,1.0,5.8,67.2,11.3,0.2,9.2,5.8
Michigan,Wayne,2025,52,1.0,6.9,47.9,36.6,0.2,3.7,4.3
Michigan,Wexford,2025,38,1.0,2.7,90.8,1.1,0.2,0.6,4.5
Minnesota,Anoka,2025,38,0.9944444444444444,5.8,74.5,8.8,0.4,5.6,4.6
Minnesota,Becker,2025,38,0.7277777777777777,2.0,84.9,0.7,4.7,0.5,6.7
Minnesota,Beltrami,2025,37,0.9388888888888888,2.6,70.0,0.8,18.7,0.6,6.5
Minnesota,Blue Earth,2025,38,0.9611111111111112,4.8,84.4,4.8,0.2,2.3,3.4
Minnesota,Carlton,2025,35,0.9388888888888888,1.9,86.9,2.2,3.1,0.5,4.9
Minnesota,Cass,2025,22,0.5,1.8,80.8,0.4,8.7,0.5,7.2
Minnesota,Cook,2025,12,0.4777777777777778,3.1,83.6,1.3,6.1,0.6,4.8
Minnesota,Crow Wing,2025,38,0.9944444444444444,1.6,93.2,0.5,0.7,0.4,3.1
Minnesota,Dakota,2025,9,1.0,8.7,72.7,7.7,0.2,5.2,5.0
Minnesota,Goodhue,2025,41,0.6722222222222223,4.1,89.1,1.5,0.8,0.7,3.1
Minnesota,Hennepin,2025,39,1.0,7.8,65.2,13.3,0.4,7.0,5.5
Minnesota,Lake,2025,34,0.9,1.5,94.3,0.2,0.4,0.5,3.0
Minnesota,Lyon,2025,37,1.0,7.9,80.9,2.6,0.3,4.5,3.1
Minnesota,Mille Lacs,2025,35,0.6611111111111111,2.3,88.0,0.4,4.2,0.9,3.6
Minnesota,Olmsted,2025,36,0.8888888888888888,6.0,75.3,7.5,0.1,6.4,4.3
Minnesota,Ramsey,2025,31,0.6722222222222223,8.4,57.9,12.1,0.3,15.0,5.7
Minnesota,Scott,2025,36,0.9444444444444444,6.4,75.6,6.1,0.6,6.3,4.6
Minnesota,Stearns,2025,36,0.9555555555555556,4.8,80.2,9.0,0.1,1.9,3.7
Minnesota,Washington,2025,37,0.6722222222222223,5.3,77.2,5.5,0.2,7.7,3.7
Minnesota,Winona,2025,19,0.0944444444444444,3.9,88.9,1.9,0.2,2.2,2.8
Minnesota,Wright,2025,39,0.8722222222222222,3.6,88.0,2.3,0.2,1.8,3.7
Mississippi,Bolivar,2025,44,1.0,2.7,31.0,63.2,0.0,1.0,1.8
Mississippi,DeSoto,2025,44,1.0,5.8,56.4,32.6,0.1,1.3,3.3
Mississippi,Forrest,2025,46,1.0,4.4,55.8,35.5,0.1,0.9,3.0
Mississippi,Hancock,2025,44,1.0,4.2,83.4,7.1,0.3,1.0,3.3
Mississippi,Harrison,2025,45,1.0,6.9,60.8,23.3,0.1,2.5,5.9
Mississippi,Hinds,2025,52,1.0,2.1,22.9,71.7,0.2,0.8,2.0
Mississippi,Jackson,2025,46,1.0,7.6,66.1,18.9,0.4,2.1,4.3
Mississippi,Lauderdale,2025,35,1.0,2.5,50.3,40.8,0.3,0.7,4.6
Mississippi,Lee,2025,38,1.0,3.5,62.5,29.9,0.0,1.0,2.4
Mississippi,Yalobusha,2025,33,1.0,1.7,57.2,37.0,0.4,0.2,3.6
Missouri,Andrew,2025,42,0.4944444444444444,2.6,92.4,1.3,0.0,0.8,2.7
Missouri,Boone,2025,41,0.5111111111111111,4.5,75.8,9.5,0.1,4.8,4.8
Missouri,Buchanan,2025,39,0.8222222222222222,7.6,79.7,5.6,0.2,1.1,5.3
Missouri,Callaway,2025,42,0.5777777777777777,2.5,88.0,3.7,0.4,0.1,4.9
Missouri,Cass,2025,41,0.8111111111111111,5.5,83.6,4.6,0.2,0.8,4.4
Missouri,Cedar,2025,40,0.8222222222222222,2.2,92.1,0.5,0.2,0.0,4.0
Missouri,Clay,2025,42,0.8111111111111111,8.0,77.0,6.8,0.2,2.6,4.8
Missouri,Clinton,2025,43,0.5055555555555555,2.6,91.9,0.8,0.1,0.2,4.2
Missouri,Greene,2025,44,0.8166666666666667,5.1,84.0,3.0,0.2,1.9,5.0
Missouri,Jackson,2025,43,0.8388888888888889,11.4,59.3,22.0,0.1,1.8,4.6
Missouri,Jasper,2025,42,0.8222222222222222,9.8,80.6,1.7,0.6,1.3,5.4
Missouri,Jefferson,2025,40,0.8222222222222222,2.6,88.5,1.0,0.1,1.0,6.5
Missouri,Lincoln,2025,42,0.5055555555555555,2.9,91.9,1.7,0.1,0.3,3.0
Missouri,Monroe,2025,37,0.8222222222222222,1.8,91.6,3.5,0.4,0.4,1.8
Missouri,Perry,2025,40,0.55,2.5,93.4,0.7,0.0,0.8,2.6
Missouri,Stoddard,2025,21,0.0666666666666666,2.2,92.7,1.1,0.1,0.1,3.6
Missouri,Taney,2025,26,0.0944444444444444,7.6,85.1,1.8,0.2,1.0,4.1
Montana,Beaverhead,2025,12,0.9722222222222222,5.2,89.1,0.5,1.3,0.3,3.5
Montana,Custer,2025,39,1.0,3.4,89.0,0.0,1.8,0.5,5.1
Montana,Dawson,2025,14,1.0,3.6,90.4,0.2,1.3,0.2,3.4
Montana,Fergus,2025,44,1.0,2.4,92.4,0.6,2.1,0.7,1.9
Montana,Flathead,2025,40,1.0,3.7,90.0,0.2,0.8,0.8,4.0
Montana,Gallatin,2025,14,1.0,5.4,87.5,0.4,0.5,1.2,4.0
Montana,Glacier,2025,22,0.9277777777777778,2.9,29.5,0.2,63.4,0.6,3.0
Montana,Hill,2025,13,0.8277777777777777,3.5,67.1,0.3,21.9,0.2,6.3
Montana,Lake,2025,4,0.1111111111111111,4.3,64.6,0.2,19.6,0.7,10.2
Montana,Lewis and Clark,2025,45,1.0,4.0,88.6,0.5,1.3,0.5,4.7
Montana,Lincoln,2025,45,0.9777777777777776,3.1,90.0,0.1,1.1,0.2,5.3
Montana,Missoula,2025,38,1.0,5.1,85.5,0.4,1.9,1.6,5.0
Montana,Phillips,2025,18,0.95,1.1,81.0,0.2,7.5,0.8,8.7
Montana,Powell,2025,6,0.0944444444444444,2.7,86.8,0.4,4.6,1.5,3.5
Montana,Ravalli,2025,19,0.9666666666666668,4.1,88.6,0.3,0.7,0.7,4.8
Montana,Richland,2025,39,1.0,5.5,87.5,0.3,0.2,0.4,5.3
Montana,Roosevelt,2025,9,0.0944444444444444,2.9,32.4,0.1,55.6,1.0,8.0
Montana,Rosebud,2025,4,0.1,3.7,51.4,0.1,36.8,2.0,4.8
Montana,Sanders,2025,15,1.0,3.5,88.3,0.2,2.5,0.5,4.8
Montana,Sheridan,2025,13,0.1055555555555555,4.0,88.2,0.0,1.9,0.7,4.9
Montana,Silver Bow,2025,27,1.0,4.6,89.1,0.1,1.4,0.4,4.2
Montana,Teton,2025,14,0.9611111111111112,2.0,91.5,0.3,1.9,0.0,4.1
Montana,Yellowstone,2025,39,1.0,6.6,83.4,0.4,3.6,0.7,4.7
Nebraska,Cass,2025,20,1.0,4.1,90.5,0.3,0.2,0.3,3.6
Nebraska,Douglas,2025,44,1.0,14.5,65.8,10.2,0.2,4.4,4.5
Nebraska,Gage,2025,36,1.0,3.4,92.5,0.5,0.3,0.7,2.5
Nebraska,Hall,2025,37,1.0,32.4,60.5,3.3,0.2,1.0,2.3
Nebraska,Knox,2025,39,1.0,2.9,84.5,0.7,8.8,0.4,2.5
Nebraska,Lancaster,2025,36,0.5722222222222222,8.5,77.9,3.7,0.3,4.1,5.2
Nebraska,Sarpy,2025,33,1.0,11.6,76.3,4.0,0.2,2.8,4.5
Nebraska,Scotts Bluff,2025,24,1.0,23.9,70.7,0.6,1.0,0.7,2.5
Nebraska,Thomas,2025,9,0.1055555555555555,5.0,89.2,2.0,0.0,0.0,3.9
Nebraska,Washington,2025,29,1.0,3.3,92.9,0.3,0.2,0.2,3.0
Nevada,Churchill,2025,43,0.9666666666666668,15.2,70.7,2.1,3.2,2.2,6.2
Nevada,Clark,2025,64,1.0,31.9,38.3,11.5,0.3,10.5,6.1
Nevada,Douglas,2025,22,0.9777777777777776,13.0,77.2,0.3,1.1,2.3,4.5
Nevada,Elko,2025,19,0.8444444444444444,26.0,61.1,0.8,3.5,1.4,5.5
Nevada,Lyon,2025,44,1.0,19.5,70.4,1.3,1.3,1.3,5.8
Nevada,Nye,2025,24,1.0,17.1,68.9,2.9,0.9,1.9,7.8
Nevada,Washoe,2025,51,1.0,26.1,58.5,2.3,0.7,5.6,5.5
Nevada,White Pine,2025,47,1.0,16.5,71.5,5.9,3.6,0.3,1.9
New Hampshire,Belknap,2025,34,1.0,2.3,92.7,0.5,0.0,1.2,2.8
New Hampshire,Cheshire,2025,38,1.0,2.6,91.4,0.7,0.1,0.9,4.1
New Hampshire,Coos,2025,40,1.0,2.4,91.9,2.0,0.1,0.1,2.9
New Hampshire,Grafton,2025,38,1.0,2.9,87.5,1.1,0.1,3.5,4.4
New Hampshire,Hillsborough,2025,38,1.0,8.5,80.1,2.2,0.1,4.3,4.3
New Hampshire,Merrimack,2025,38,0.6777777777777778,2.7,90.1,1.6,0.1,1.5,3.6
New Hampshire,Rockingham,2025,39,1.0,3.7,89.5,0.7,0.1,1.9,3.6
New Jersey,Atlantic,2025,38,1.0,20.4,54.0,12.6,0.3,7.8,4.5
New Jersey,Bergen,2025,40,1.0,22.7,51.3,5.4,0.1,16.8,2.9
New Jersey,Camden,2025,44,1.0,19.2,52.5,17.8,0.0,5.9,3.8
New Jersey,Cumberland,2025,42,0.9888888888888888,35.7,40.9,16.4,0.4,1.4,3.7
New Jersey,Gloucester,2025,43,0.9666666666666668,8.3,74.3,10.2,0.0,3.1,3.6
New Jersey,Hudson,2025,41,1.0,40.7,27.3,10.7,0.1,16.8,3.3
New Jersey,Hunterdon,2025,41,0.9888888888888888,9.3,79.9,2.4,0.0,4.9,3.0
New Jersey,Mercer,2025,43,1.0,23.1,42.7,17.9,0.1,12.3,3.4
New Jersey,Middlesex,2025,36,0.9888888888888888,23.6,37.5,9.7,0.1,25.4,2.9
New Jersey,Monmouth,2025,37,0.8055555555555556,12.9,71.5,5.8,0.0,5.4,3.6
New Jersey,Morris,2025,38,1.0,16.0,65.8,3.0,0.0,10.7,3.7
New Jersey,Ocean,2025,40,0.9944444444444444,10.9,81.1,2.9,0.0,1.9,2.7
New Jersey,Passaic,2025,41,1.0,44.3,37.9,9.7,0.1,5.4,2.0
New Jersey,Union,2025,45,1.0,35.2,35.4,19.1,0.1,5.6,3.4
New Jersey,Warren,2025,38,0.9833333333333332,13.0,74.6,5.6,0.1,3.0,3.5
New Mexico,Bernalillo,2025,59,1.0,49.1,37.1,2.6,4.0,2.8,3.7
New Mexico,Catron,2025,8,0.1055555555555555,15.7,74.4,1.8,3.8,0.3,4.0
New Mexico,Chaves,2025,16,0.1,58.4,36.1,1.5,0.6,1.1,1.5
New Mexico,Eddy,2025,51,1.0,51.6,42.9,1.2,0.8,0.6,2.3
New Mexico,Lea,2025,47,1.0,62.7,31.0,3.1,0.4,0.7,1.8
New Mexico,Lincoln,2025,11,0.1055555555555555,33.0,60.2,0.8,3.2,0.5,2.2
New Mexico,Los Alamos,2025,10,0.1111111111111111,18.0,69.8,0.9,0.6,4.9,5.3
New Mexico,Luna,2025,19,1.0,67.1,28.3,1.1,0.4,1.1,1.3
New Mexico,Rio Arriba,2025,45,1.0,67.2,14.0,0.6,15.5,0.6,1.5
New Mexico,San Juan,2025,49,1.0,19.8,36.2,0.6,38.4,0.8,4.0
New Mexico,Sandoval,2025,47,1.0,40.0,40.9,2.1,11.0,1.3,4.0
New Mexico,Santa Fe,2025,46,1.0,47.9,44.0,0.8,2.4,1.4,2.9
New Mexico,Socorro,2025,12,0.1111111111111111,50.3,32.8,0.4,10.6,1.8,3.9
New Mexico,Taos,2025,14,1.0,50.6,40.5,0.3,5.3,0.7,2.3
New Mexico,Valencia,2025,48,1.0,60.8,30.5,1.0,3.7,0.7,2.6
New York,Albany,2025,39,1.0,7.3,68.0,11.5,0.0,7.5,5.0
New York,Bronx,2025,47,1.0,55.1,8.7,28.7,0.3,4.0,2.2
New York,Chautauqua,2025,39,1.0,9.6,83.7,2.1,0.1,0.7,3.4
New York,Dutchess,2025,37,1.0,15.4,66.1,9.2,0.1,3.4,4.9
New York,Erie,2025,44,1.0,6.4,72.3,12.1,0.3,4.9,3.5
New York,Essex,2025,42,1.0,2.9,91.6,1.9,0.2,0.6,2.3
New York,Hamilton,2025,36,1.0,2.1,91.5,1.5,0.0,0.3,4.1
New York,Jefferson,2025,36,1.0,7.5,80.2,4.3,0.1,1.9,5.5
New York,Kings,2025,44,1.0,19.0,36.1,26.6,0.1,12.1,5.0
New York,Monroe,2025,41,1.0,9.9,67.7,13.5,0.1,3.8,4.5
New York,Nassau,2025,31,0.0055555555555555,18.7,54.3,10.8,0.0,12.2,3.0
New York,New York,2025,43,1.0,24.4,45.5,12.5,0.1,12.4,4.0
New York,Niagara,2025,37,1.0,4.0,82.1,6.3,0.5,1.2,5.4
New York,Oneida,2025,28,1.0,7.1,78.7,5.7,0.1,4.3,3.6
New York,Onondaga,2025,39,1.0,5.9,73.8,10.2,0.3,4.1,5.2
New York,Orange,2025,28,1.0,23.9,57.9,10.5,0.1,2.8,4.0
New York,Oswego,2025,35,1.0,3.3,90.8,0.9,0.1,0.8,3.6
New York,Putnam,2025,35,1.0,20.0,70.9,2.8,0.1,2.3,3.0
New York,Queens,2025,44,1.0,28.1,23.2,16.3,0.3,25.9,3.8
New York,Richmond,2025,41,1.0,19.6,55.5,8.8,0.1,12.7,2.7
New York,Rockland,2025,39,1.0,20.6,59.7,10.2,0.1,5.9,2.4
New York,Saratoga,2025,36,1.0,3.9,86.8,1.6,0.1,3.0,4.0
New York,Steuben,2025,40,1.0,2.0,91.4,1.6,0.1,1.6,2.9
New York,Suffolk,2025,41,1.0,22.8,62.0,6.9,0.1,4.4,3.0
New York,Tompkins,2025,38,1.0,6.6,73.7,3.6,0.1,10.1,4.7
New York,Wayne,2025,36,1.0,5.3,86.6,2.2,0.1,0.7,4.6
New York,Westchester,2025,41,1.0,27.4,49.2,12.7,0.1,6.2,3.3
North Carolina,Alexander,2025,39,1.0,5.6,85.5,5.0,0.1,1.0,2.8
North Carolina,Avery,2025,38,1.0,6.1,85.7,3.8,0.1,0.4,3.3
North Carolina,Buncombe,2025,42,1.0,8.6,80.8,4.8,0.1,1.1,4.3
North Carolina,Caldwell,2025,37,1.0,6.7,85.3,4.1,0.1,0.5,3.2
North Carolina,Carteret,2025,37,1.0,4.9,85.3,4.1,0.2,1.0,4.1
North Carolina,Caswell,2025,39,1.0,5.1,59.9,30.5,0.0,0.4,4.0
North Carolina,Catawba,2025,43,1.0,11.5,71.9,7.7,0.1,4.3,4.3
North Carolina,Cumberland,2025,44,1.0,12.7,39.8,36.7,0.9,2.6,5.9
North Carolina,Davidson,2025,50,1.0,8.9,76.0,9.1,0.1,1.5,3.8
North Carolina,Durham,2025,43,1.0,15.8,41.7,31.8,0.2,5.4,4.5
North Carolina,Edgecombe,2025,40,1.0,6.2,34.9,55.5,0.3,0.2,2.5
North Carolina,Forsyth,2025,46,1.0,15.1,53.5,24.6,0.1,2.3,3.8
North Carolina,Graham,2025,43,1.0,3.0,84.9,0.4,9.6,0.7,1.1
North Carolina,Granville,2025,40,0.9833333333333332,11.1,55.4,28.8,0.2,0.4,3.3
North Carolina,Guilford,2025,43,1.0,10.1,46.0,33.5,0.1,5.4,4.3
North Carolina,Haywood,2025,44,1.0,5.0,90.4,0.9,0.4,0.4,2.7
North Carolina,Hyde,2025,20,0.0944444444444444,10.1,57.7,24.2,1.5,0.0,6.5
North Carolina,Johnston,2025,42,1.0,16.8,61.4,16.7,0.2,0.8,3.5
North Carolina,Lenoir,2025,37,1.0,8.8,47.3,39.2,0.1,0.7,3.6
North Carolina,Lincoln,2025,41,1.0,8.1,82.0,5.9,0.1,0.8,2.9
North Carolina,Macon,2025,34,1.0,10.0,85.2,1.4,0.2,0.6,2.4
North Carolina,Martin,2025,28,1.0,4.4,51.2,40.1,0.1,0.6,3.4
North Carolina,Mecklenburg,2025,51,1.0,16.0,43.2,29.7,0.1,6.3,4.1
North Carolina,Mitchell,2025,35,1.0,5.6,91.0,0.9,0.3,0.5,1.6
North Carolina,Montgomery,2025,41,1.0,15.8,62.7,16.0,0.5,1.5,3.2
North Carolina,New Hanover,2025,41,1.0,7.9,74.7,10.7,0.1,1.4,4.6
North Carolina,Northampton,2025,37,1.0,2.4,39.0,54.4,0.2,0.0,3.5
North Carolina,Person,2025,38,0.9777777777777776,6.3,64.2,25.8,0.1,0.1,3.2
North Carolina,Pitt,2025,38,1.0,7.9,51.9,34.7,0.1,2.0,3.1
North Carolina,Rockingham,2025,39,1.0,7.2,69.9,17.3,0.1,0.3,4.3
North Carolina,Rowan,2025,44,1.0,11.9,67.8,15.5,0.1,0.8,3.7
North Carolina,Swain,2025,38,1.0,5.5,59.2,2.6,27.3,0.5,5.0
North Carolina,Union,2025,41,1.0,13.4,66.8,10.9,0.1,4.5,3.8
North Carolina,Wake,2025,44,1.0,11.6,56.2,18.5,0.2,8.5,4.4
North Dakota,Billings,2025,40,1.0,3.9,92.2,0.0,3.9,0.0,0.0
North Dakota,Burke,2025,40,1.0,2.5,86.5,1.7,1.8,2.1,5.1
North Dakota,Burleigh,2025,41,1.0,3.4,84.9,1.9,3.3,1.0,4.8
North Dakota,Cass,2025,39,1.0,3.6,81.2,7.0,0.9,3.2,3.7
North Dakota,Dunn,2025,40,1.0,4.5,78.5,0.1,9.5,0.9,5.7
North Dakota,McKenzie,2025,41,1.0,12.1,73.7,1.9,6.6,1.1,4.5
North Dakota,Mercer,2025,39,1.0,2.8,91.3,0.0,2.4,0.5,2.9
North Dakota,Oliver,2025,40,1.0,1.0,99.0,0.0,0.0,0.0,0.1
North Dakota,Ward,2025,38,1.0,7.2,80.4,3.9,1.6,1.5,5.0
Ohio,Allen,2025,43,1.0,3.6,79.0,9.6,0.3,0.9,6.2
Ohio,Ashtabula,2025,43,1.0,5.0,86.7,3.7,0.0,0.4,3.7
Ohio,Athens,2025,33,1.0,2.3,88.6,2.2,0.0,2.0,4.6
Ohio,Belmont,2025,42,1.0,1.4,90.7,3.0,0.0,0.6,4.2
Ohio,Butler,2025,55,1.0,7.0,74.6,8.3,0.0,4.3,5.3
Ohio,Clark,2025,46,1.0,4.2,81.7,8.0,0.0,0.6,5.1
Ohio,Clermont,2025,43,1.0,2.6,90.6,1.5,0.0,1.1,3.6
Ohio,Clinton,2025,42,1.0,2.3,91.7,1.8,0.0,0.3,3.6
Ohio,Columbiana,2025,12,0.2555555555555555,1.9,92.0,1.9,0.0,0.3,3.5
Ohio,Cuyahoga,2025,53,1.0,7.0,56.5,28.5,0.1,3.3,4.1
Ohio,Delaware,2025,41,1.0,3.5,79.2,4.3,0.0,8.6,4.0
Ohio,Franklin,2025,54,1.0,7.5,58.0,23.1,0.1,5.6,5.2
Ohio,Geauga,2025,42,1.0,2.0,92.7,1.0,0.0,0.5,3.4
Ohio,Greene,2025,41,1.0,3.3,81.3,5.8,0.1,3.0,5.8
Ohio,Hamilton,2025,54,1.0,4.8,62.3,23.9,0.1,2.7,5.4
Ohio,Jefferson,2025,50,1.0,1.9,88.4,5.1,0.0,0.6,3.5
Ohio,Knox,2025,40,1.0,2.0,92.9,0.9,0.0,0.8,2.8
Ohio,Lake,2025,43,1.0,5.3,84.2,4.7,0.1,1.5,3.8
Ohio,Lawrence,2025,43,1.0,1.1,93.8,1.7,0.0,0.6,2.5
Ohio,Licking,2025,41,1.0,2.5,85.1,4.2,0.0,3.7,3.7
Ohio,Lorain,2025,39,1.0,11.0,75.5,7.1,0.1,1.4,4.5
Ohio,Lucas,2025,53,1.0,7.8,66.1,18.9,0.0,1.7,4.9
Ohio,Madison,2025,43,1.0,3.1,86.2,4.3,0.2,1.3,4.5
Ohio,Mahoning,2025,44,1.0,6.8,73.7,13.6,0.1,0.8,4.5
Ohio,Medina,2025,43,1.0,2.7,91.3,1.1,0.0,1.0,3.7
Ohio,Miami,2025,41,1.0,2.1,89.9,1.8,0.0,1.9,3.9
Ohio,Montgomery,2025,47,1.0,4.2,67.7,20.4,0.0,2.2,5.0
Ohio,Noble,2025,39,1.0,1.7,92.1,4.2,0.1,0.4,1.4
Ohio,Portage,2025,43,1.0,2.3,86.0,5.0,0.1,2.2,4.0
Ohio,Preble,2025,45,1.0,1.1,95.0,0.7,0.0,0.1,2.8
Ohio,Scioto,2025,45,1.0,1.6,92.0,2.3,0.1,0.5,3.3
Ohio,Stark,2025,51,1.0,3.0,83.8,7.1,0.1,0.9,4.9
Ohio,Summit,2025,44,1.0,2.7,73.4,13.7,0.1,4.3,5.3
Ohio,Trumbull,2025,46,1.0,2.3,84.6,8.0,0.1,0.5,4.4
Ohio,Warren,2025,44,1.0,3.5,81.8,3.2,0.1,7.2,3.6
Ohio,Washington,2025,41,1.0,1.3,93.6,0.8,0.2,0.5,3.2
Ohio,Wood,2025,39,1.0,6.6,85.5,2.1,0.1,2.1,3.4
Oklahoma,Adair,2025,45,0.9944444444444444,7.2,39.0,0.8,38.9,1.3,12.8
Oklahoma,Canadian,2025,44,1.0,12.0,70.1,3.8,2.8,3.1,7.3
Oklahoma,Carter,2025,33,1.0,8.6,66.5,6.1,6.7,1.3,10.5
Oklahoma,Cleveland,2025,49,1.0,11.0,67.2,4.6,3.4,4.7,8.8
Oklahoma,Comanche,2025,45,1.0,14.7,53.8,13.9,3.8,2.7,9.9
Oklahoma,Creek,2025,43,1.0,5.4,73.0,2.0,10.8,0.7,7.8
Oklahoma,Dewey,2025,49,1.0,6.0,80.8,0.0,3.6,0.1,9.4
Oklahoma,Grant,2025,29,0.1111111111111111,4.7,85.2,1.9,2.3,0.1,5.5
Oklahoma,Kay,2025,38,1.0,9.0,71.2,1.8,6.9,0.5,9.7
Oklahoma,Kiowa,2025,44,1.0,12.2,71.7,3.6,3.6,0.5,8.0
Oklahoma,Love,2025,45,1.0,18.2,67.5,2.0,3.9,0.8,7.6
Oklahoma,Mayes,2025,40,0.6833333333333333,3.9,62.0,0.4,19.8,0.5,13.1
Oklahoma,McClain,2025,43,1.0,9.7,75.4,1.2,5.5,0.6,7.2
Oklahoma,Oklahoma,2025,51,1.0,20.1,52.1,14.0,2.1,3.4,7.8
Oklahoma,Osage,2025,43,1.0,4.7,62.1,10.1,10.7,0.3,12.0
Oklahoma,Ottawa,2025,49,1.0,6.1,62.4,1.1,18.4,0.8,10.4
Oklahoma,Pittsburg,2025,48,1.0,5.7,67.6,2.5,7.9,0.5,15.4
Oklahoma,Sequoyah,2025,42,1.0,5.1,60.6,1.9,18.4,0.7,13.2
Oklahoma,Tulsa,2025,51,1.0,15.7,57.3,9.3,4.4,3.7,9.0
Oklahoma,Washington,2025,44,1.0,6.9,70.2,2.4,8.2,2.0,10.2
Oregon,Baker,2025,25,1.0,5.3,87.8,1.3,0.9,0.4,3.9
Oregon,Clackamas,2025,27,1.0,10.1,76.5,1.0,0.3,5.1,6.1
Oregon,Columbia,2025,25,1.0,6.7,84.3,0.6,0.7,0.8,6.0
Oregon,Crook,2025,24,1.0,7.9,85.8,0.5,0.8,0.3,4.5
Oregon,Deschutes,2025,22,1.0,9.2,83.5,0.3,0.4,1.0,4.9
Oregon,Grant,2025,34,1.0,4.2,86.9,0.1,0.5,0.8,6.9
Oregon,Harney,2025,26,1.0,5.6,84.6,1.9,1.8,0.0,5.7
Oregon,Jackson,2025,42,1.0,14.6,76.8,0.6,0.3,1.0,6.0
Oregon,Jefferson,2025,22,1.0,21.3,57.3,0.6,11.0,0.5,8.3
Oregon,Josephine,2025,31,1.0,8.8,82.9,0.4,0.4,0.8,5.8
Oregon,Klamath,2025,32,1.0,13.9,74.4,0.7,2.3,0.9,6.9
Oregon,Lake,2025,24,1.0,10.8,78.8,0.5,2.1,0.1,6.1
Oregon,Lane,2025,42,1.0,10.5,78.2,1.1,0.7,2.5,6.4
Oregon,Linn,2025,24,1.0,10.7,81.3,0.4,0.4,1.0,5.6
Oregon,Marion,2025,34,1.0,29.0,60.7,1.2,0.5,2.0,5.1
Oregon,Multnomah,2025,38,1.0,13.5,65.2,5.3,0.4,7.4,7.1
Oregon,Umatilla,2025,39,1.0,29.7,61.5,0.7,1.9,0.7,4.8
Oregon,Union,2025,22,1.0,5.5,85.8,0.8,0.5,1.1,3.9
Oregon,Wallowa,2025,23,1.0,4.2,89.2,1.3,0.1,0.3,4.0
Oregon,Wasco,2025,23,1.0,20.6,70.8,0.4,1.8,0.7,5.2
Oregon,Washington,2025,36,1.0,18.6,60.0,2.2,0.3,11.4,6.5
Pennsylvania,Adams,2025,42,1.0,7.7,86.8,1.6,0.0,0.9,2.5
Pennsylvania,Allegheny,2025,49,1.0,3.0,75.5,12.4,0.1,4.3,4.3
Pennsylvania,Armstrong,2025,42,1.0,0.9,94.9,0.9,0.0,0.3,2.7
Pennsylvania,Beaver,2025,47,1.0,2.4,86.3,6.2,0.0,0.5,4.3
Pennsylvania,Berks,2025,44,1.0,24.8,66.6,4.0,0.0,1.3,2.8
Pennsylvania,Blair,2025,41,1.0,1.6,91.6,1.9,0.0,0.7,4.0
Pennsylvania,Bradford,2025,39,1.0,1.7,94.1,0.9,0.1,0.5,2.3
Pennsylvania,Bucks,2025,35,1.0,6.6,79.9,3.7,0.0,5.0,4.0
Pennsylvania,Cambria,2025,37,1.0,2.1,90.2,2.8,0.0,0.5,4.1
Pennsylvania,Centre,2025,43,1.0,3.7,82.8,3.2,0.3,5.7,4.1
Pennsylvania,Chester,2025,44,1.0,8.4,75.4,4.9,0.0,6.7,4.1
Pennsylvania,Cumberland,2025,37,1.0,5.1,80.7,4.1,0.0,5.7,4.0
Pennsylvania,Dauphin,2025,44,1.0,11.8,60.6,16.3,0.1,6.5,4.1
Pennsylvania,Delaware,2025,44,1.0,5.0,62.4,21.9,0.0,6.3,3.8
Pennsylvania,Elk,2025,38,1.0,1.0,94.5,0.6,0.0,0.4,3.4
Pennsylvania,Erie,2025,31,1.0,4.8,81.7,7.0,0.1,2.2,3.9
Pennsylvania,Fayette,2025,41,1.0,1.4,89.1,3.9,0.0,0.5,4.8
Pennsylvania,Franklin,2025,37,0.8722222222222222,7.5,84.3,3.0,0.0,1.0,3.7
Pennsylvania,Greene,2025,41,1.0,1.6,91.1,2.7,0.0,0.2,4.1
Pennsylvania,Indiana,2025,42,1.0,1.9,91.7,2.1,0.0,0.9,3.3
Pennsylvania,Lackawanna,2025,36,1.0,9.8,79.6,3.0,0.1,3.0,3.9
Pennsylvania,Lancaster,2025,46,1.0,11.5,79.1,3.4,0.0,2.4,2.9
Pennsylvania,Lebanon,2025,44,1.0,15.2,78.4,1.7,0.0,1.6,2.7
Pennsylvania,Lehigh,2025,42,1.0,28.0,59.1,5.9,0.0,3.5,2.9
Pennsylvania,Lycoming,2025,43,1.0,2.4,88.1,4.0,0.1,0.9,4.4
Pennsylvania,Mercer,2025,41,1.0,1.7,87.9,5.6,0.1,0.6,3.7
Pennsylvania,Monroe,2025,35,0.9944444444444444,18.2,60.4,13.0,0.1,2.6,4.3
Pennsylvania,Montgomery,2025,41,1.0,6.7,71.5,9.2,0.0,8.0,4.0
Pennsylvania,Northampton,2025,39,1.0,15.5,72.0,5.7,0.0,3.0,3.2
Pennsylvania,Philadelphia,2025,50,1.0,15.6,33.2,38.3,0.1,7.9,4.1
Pennsylvania,Somerset,2025,37,1.0,1.5,93.3,2.6,0.0,0.5,1.6
Pennsylvania,Susquehanna,2025,22,0.8777777777777778,2.4,93.8,0.2,0.0,0.5,2.9
Pennsylvania,Tioga,2025,40,1.0,1.7,95.0,0.8,0.1,0.4,2.1
Pennsylvania,Washington,2025,42,1.0,2.1,89.7,3.2,0.0,1.3,3.5
Pennsylvania,Westmoreland,2025,39,1.0,1.6,91.4,2.5,0.0,1.0,3.3
Pennsylvania,Wyoming,2025,26,1.0,2.5,93.1,0.6,0.0,0.2,3.5
Pennsylvania,York,2025,45,1.0,9.6,78.9,5.8,0.0,1.5,3.6
Rhode Island,Kent,2025,35,1.0,6.9,83.7,1.9,0.0,2.9,4.2
Rhode Island,Providence,2025,40,1.0,25.6,56.5,7.0,0.2,4.2,5.4
Rhode Island,Washington,2025,42,1.0,3.8,88.9,1.2,0.3,2.1,3.4
South Carolina,Aiken,2025,39,1.0,7.2,63.5,23.7,0.1,0.9,4.0
South Carolina,Anderson,2025,41,1.0,5.2,75.1,13.5,0.5,1.0,4.4
South Carolina,Berkeley,2025,36,1.0,9.2,60.1,22.7,0.3,2.5,4.6
South Carolina,Charleston,2025,47,1.0,7.2,64.5,22.7,0.1,1.8,3.4
South Carolina,Chesterfield,2025,46,1.0,5.9,58.4,30.0,0.2,0.5,4.7
South Carolina,Darlington,2025,42,1.0,2.5,53.1,40.6,0.2,0.6,2.8
South Carolina,Edgefield,2025,44,1.0,7.2,56.5,30.1,0.1,0.3,5.0
South Carolina,Florence,2025,44,1.0,3.3,49.1,42.9,0.1,1.6,2.5
South Carolina,Greenville,2025,48,1.0,11.6,65.2,15.3,0.2,2.5,4.7
South Carolina,Horry,2025,41,1.0,7.3,75.5,11.6,0.2,1.3,3.5
South Carolina,Richland,2025,48,1.0,6.4,39.4,46.9,0.1,3.0,3.5
South Carolina,Spartanburg,2025,49,1.0,9.3,65.3,19.3,0.1,2.3,3.3
South Carolina,York,2025,44,1.0,7.4,66.3,18.2,0.4,3.0,4.1
South Dakota,Brookings,2025,48,1.0,4.6,87.5,1.0,0.8,3.3,2.8
South Dakota,Brown,2025,25,0.9888888888888888,4.7,84.7,1.3,2.9,2.9,3.4
South Dakota,Clay,2025,37,0.9277777777777778,3.3,84.2,1.8,2.6,3.0,5.1
South Dakota,Codington,2025,33,0.9944444444444444,3.3,90.4,0.7,1.9,0.6,2.8
South Dakota,Custer,2025,46,1.0,3.1,87.7,0.3,2.0,0.4,5.0
South Dakota,Hughes,2025,14,0.9944444444444444,3.3,80.2,0.1,10.8,0.7,5.1
South Dakota,Jackson,2025,44,1.0,0.4,36.6,0.0,61.2,0.0,1.7
South Dakota,Meade,2025,42,1.0,4.9,85.0,1.7,1.6,0.7,5.4
South Dakota,Minnehaha,2025,36,1.0,6.6,78.6,6.3,1.8,1.6,4.9
South Dakota,Pennington,2025,31,1.0,5.7,77.8,1.1,6.0,1.2,7.5
Tennessee,Anderson,2025,42,0.6777777777777778,4.1,86.4,3.3,0.2,1.4,4.0
Tennessee,Blount,2025,46,1.0,4.7,88.5,2.5,0.1,0.8,3.0
Tennessee,Claiborne,2025,36,1.0,1.7,94.0,0.6,0.1,0.6,2.9
Tennessee,Davidson,2025,50,1.0,13.9,53.2,24.3,0.1,3.4,4.6
Tennessee,DeKalb,2025,35,1.0,7.7,87.0,1.5,0.2,1.1,2.3
Tennessee,Dyer,2025,34,1.0,4.0,76.9,15.0,0.1,0.6,3.4
Tennessee,Hamilton,2025,45,1.0,8.0,68.3,16.9,0.1,2.1,4.1
Tennessee,Jefferson,2025,42,0.6777777777777778,4.7,89.6,1.5,0.1,0.5,3.0
Tennessee,Knox,2025,46,1.0,6.3,79.1,8.0,0.1,2.3,3.7
Tennessee,Lawrence,2025,34,0.9555555555555556,2.8,92.1,1.4,0.0,0.4,3.3
Tennessee,Loudon,2025,41,1.0,10.4,85.2,1.2,0.1,0.9,1.8
Tennessee,Madison,2025,33,1.0,5.2,53.4,36.2,0.1,1.0,3.7
Tennessee,Maury,2025,34,0.9666666666666668,8.1,76.3,10.3,0.1,1.0,3.9
Tennessee,McMinn,2025,37,0.9611111111111112,4.6,85.8,3.2,0.0,0.8,5.4
Tennessee,Montgomery,2025,31,0.9777777777777776,11.4,59.3,19.2,0.1,2.6,6.8
Tennessee,Putnam,2025,30,0.9722222222222222,8.4,85.0,2.4,0.1,1.1,2.8
Tennessee,Roane,2025,29,0.9777777777777776,2.5,90.3,2.6,0.1,0.7,3.8
Tennessee,Sevier,2025,41,1.0,9.6,85.1,1.1,0.1,1.3,2.3
Tennessee,Shelby,2025,45,1.0,8.8,32.7,52.3,0.0,2.9,2.7
Tennessee,Sullivan,2025,42,1.0,2.6,91.6,2.0,0.1,0.7,2.6
Tennessee,Sumner,2025,44,0.9833333333333332,7.2,78.6,8.4,0.1,1.6,3.5
Tennessee,Williamson,2025,40,0.6777777777777778,6.0,80.9,3.9,0.1,5.3,3.3
Tennessee,Wilson,2025,39,0.6666666666666666,6.5,79.3,7.1,0.0,2.2,3.6
Texas,Atascosa,2025,45,0.8722222222222222,65.4,31.0,1.1,0.4,0.6,1.3
Texas,Bell,2025,47,1.0,26.3,42.4,21.5,0.1,2.9,5.8
Texas,Bexar,2025,53,1.0,59.7,26.2,7.4,0.1,3.2,2.8
Texas,Bowie,2025,47,1.0,8.6,60.9,24.7,0.3,1.4,3.8
Texas,Brazoria,2025,33,1.0,31.6,41.6,15.9,0.2,7.4,2.9
Texas,Brazos,2025,43,1.0,27.4,53.0,10.1,0.1,5.8,3.1
Texas,Brewster,2025,44,1.0,42.1,51.3,0.6,0.0,1.9,4.0
Texas,Cameron,2025,55,1.0,89.3,8.7,0.5,0.1,0.8,0.4
Texas,Collin,2025,39,1.0,16.1,49.6,10.8,0.2,18.7,4.0
Texas,Culberson,2025,24,0.1111111111111111,78.0,17.4,0.2,2.9,1.2,0.2
Texas,Dallas,2025,53,1.0,41.3,26.4,22.1,0.1,7.0,2.7
Texas,Denton,2025,47,1.0,20.5,52.4,10.7,0.1,11.0,4.5
Texas,Ector,2025,43,1.0,63.5,28.7,4.2,0.1,1.1,2.1
Texas,El Paso,2025,74,1.0,82.7,11.0,3.0,0.2,1.2,1.5
Texas,Ellis,2025,33,1.0,28.2,52.7,14.4,0.1,0.8,3.2
Texas,Galveston,2025,48,1.0,26.4,54.0,11.9,0.2,3.4,3.7
Texas,Gregg,2025,36,1.0,20.2,54.7,17.6,0.3,1.3,5.7
Texas,Harris,2025,63,1.0,44.0,26.6,18.6,0.1,7.3,3.0
Texas,Harrison,2025,45,1.0,14.8,60.5,20.3,0.1,0.5,3.5
Texas,Hidalgo,2025,54,1.0,91.9,6.0,0.6,0.1,1.0,0.3
Texas,Hood,2025,37,1.0,13.8,80.8,1.1,0.3,0.7,3.0
Texas,Hunt,2025,33,1.0,21.5,65.0,7.8,0.3,1.4,3.7
Texas,Jefferson,2025,52,1.0,24.1,36.3,32.7,0.1,3.8,2.6
Texas,Johnson,2025,34,1.0,25.3,64.6,5.1,0.2,1.1,3.3
Texas,Karnes,2025,4,1.0,53.4,34.7,9.3,0.1,0.3,2.2
Texas,Kaufman,2025,45,1.0,27.4,48.8,18.4,0.1,1.8,3.3
Texas,Kleberg,2025,49,0.6666666666666666,71.4,20.8,3.6,0.2,1.3,2.4
Texas,Lubbock,2025,25,1.0,36.2,51.5,6.7,0.1,2.4,2.7
Texas,Maverick,2025,41,1.0,94.8,2.9,0.2,1.5,0.5,0.2
Texas,McLennan,2025,52,1.0,27.0,54.1,13.5,0.1,1.7,3.3
Texas,Montgomery,2025,55,1.0,27.9,58.7,6.1,0.1,3.3,3.5
Texas,Navarro,2025,48,1.0,32.1,50.5,9.1,0.2,0.8,6.5
Texas,Nueces,2025,55,1.0,62.5,29.3,3.5,0.1,2.3,1.9
Texas,Orange,2025,47,1.0,9.6,76.8,7.6,0.1,1.1,4.2
Texas,Parker,2025,36,1.0,14.7,79.1,1.3,0.2,0.9,3.6
Texas,Polk,2025,33,1.0,15.3,70.9,7.7,0.9,0.6,4.5
Texas,Potter,2025,16,1.0,39.3,42.2,10.2,0.2,4.7,3.1
Texas,Randall,2025,42,1.0,24.6,66.5,3.1,0.2,1.7,3.3
Texas,Rockwall,2025,31,1.0,20.8,63.0,9.1,0.1,3.5,3.0
Texas,Smith,2025,35,1.0,20.9,57.5,16.3,0.1,1.7,3.2
Texas,Tarrant,2025,56,1.0,30.3,42.0,17.3,0.1,6.1,3.6
Texas,Travis,2025,53,1.0,32.6,46.9,7.8,0.1,7.8,4.2
Texas,Victoria,2025,31,1.0,48.1,42.4,5.5,0.1,1.2,2.2
Texas,Webb,2025,48,1.0,95.0,3.6,0.4,0.0,0.5,0.2
Texas,Wilson,2025,7,1.0,39.9,54.8,2.0,0.1,0.6,1.8
Utah,Box Elder,2025,48,1.0,10.2,85.4,0.3,0.4,0.6,2.6
Utah,Cache,2025,46,1.0,11.7,81.3,0.8,0.1,1.7,3.8
Utah,Carbon,2025,47,1.0,13.3,81.9,0.6,0.4,0.2,2.9
Utah,Davis,2025,48,1.0,11.7,79.9,1.1,0.3,1.9,3.7
Utah,Duchesne,2025,47,1.0,7.5,84.8,0.1,3.3,0.5,3.0
Utah,Garfield,2025,4,0.1111111111111111,7.3,89.7,0.1,0.4,0.0,2.1
Utah,Grand,2025,47,1.0,13.0,77.6,0.0,3.2,2.2,2.6
Utah,Iron,2025,46,1.0,10.5,83.0,0.7,1.2,1.2,2.8
Utah,Salt Lake,2025,54,1.0,20.6,66.6,1.7,0.5,4.2,4.5
Utah,San Juan,2025,46,1.0,5.8,44.8,0.1,44.7,0.3,3.2
Utah,Tooele,2025,45,1.0,15.0,77.8,1.0,0.4,0.7,3.5
Utah,Uintah,2025,48,1.0,8.8,80.0,0.5,3.8,0.8,5.8
Utah,Utah,2025,49,1.0,14.5,77.6,0.7,0.2,1.5,4.3
Utah,Wasatch,2025,48,1.0,14.7,80.6,0.2,0.0,1.0,2.7
Utah,Washington,2025,45,1.0,12.1,81.3,0.4,0.5,1.1,3.6
Utah,Wayne,2025,4,0.1,3.0,90.7,0.3,0.0,0.0,5.9
Utah,Weber,2025,47,1.0,19.2,74.0,1.1,0.3,1.5,3.4
Vermont,Bennington,2025,39,1.0,2.8,90.8,1.1,0.1,0.9,3.9
Vermont,Chittenden,2025,40,1.0,2.9,85.5,2.3,0.1,4.4,4.6
Vermont,Rutland,2025,38,1.0,2.2,92.7,0.6,0.0,0.6,3.8
Vermont,Windham,2025,12,0.1111111111111111,3.1,90.1,0.8,0.0,1.2,4.3
Virginia,Albemarle,2025,41,1.0,7.5,73.4,9.0,0.1,5.8,3.8
Virginia,Arlington,2025,40,1.0,15.9,58.0,9.3,0.1,10.5,5.5
Virginia,Caroline,2025,37,1.0,7.7,61.2,23.7,0.3,1.0,5.0
Virginia,Carroll,2025,9,0.25,4.1,93.2,0.2,0.0,0.3,2.1
Virginia,Charles,2025,38,1.0,2.1,44.6,40.5,5.5,1.1,5.7
Virginia,Chesterfield,2025,42,1.0,11.9,56.4,22.8,0.0,3.6,4.4
Virginia,Fairfax,2025,44,1.0,17.6,46.8,9.4,0.1,19.9,5.4
Virginia,Fauquier,2025,36,1.0,12.4,74.8,6.3,0.1,1.7,4.2
Virginia,Frederick,2025,42,1.0,12.5,77.4,4.4,0.1,1.9,3.1
Virginia,Giles,2025,39,1.0,1.8,93.7,2.7,0.0,0.5,1.2
Virginia,Hanover,2025,37,1.0,4.0,80.7,8.3,0.1,2.1,4.2
Virginia,Henrico,2025,41,1.0,6.9,49.5,29.1,0.1,9.4,4.4
Virginia,Loudoun,2025,43,1.0,14.3,51.0,7.5,0.1,21.7,4.6
Virginia,Madison,2025,41,1.0,3.9,83.8,8.9,0.0,0.3,3.0
Virginia,Prince Edward,2025,35,1.0,4.9,60.0,29.5,0.2,1.1,3.1
Virginia,Prince William,2025,38,1.0,26.1,37.9,19.6,0.1,9.9,5.7
Virginia,Roanoke,2025,39,1.0,4.1,82.3,6.4,0.1,3.7,2.9
Virginia,Rockbridge,2025,35,1.0,2.3,89.4,2.6,0.2,0.9,3.5
Virginia,Rockingham,2025,41,1.0,9.3,84.4,2.2,0.0,1.1,2.6
Virginia,Stafford,2025,38,1.0,16.6,51.5,19.5,0.1,3.9,7.4
Virginia,Wythe,2025,40,1.0,1.6,92.9,2.2,0.0,0.8,1.9
Washington,Adams,2025,19,1.0,64.5,31.1,0.2,0.2,0.6,2.6
Washington,Asotin,2025,35,1.0,4.6,87.1,0.9,1.0,1.1,4.6
Washington,Benton,2025,35,1.0,25.6,64.6,1.6,0.4,3.0,3.9
Washington,Chelan,2025,27,1.0,29.0,65.0,0.4,0.6,0.8,3.4
Washington,Clallam,2025,26,1.0,6.8,80.2,0.8,3.3,1.7,6.7
Washington,Clark,2025,31,1.0,12.3,72.5,2.1,0.3,5.0,6.4
Washington,Columbia,2025,37,1.0,8.3,81.2,0.5,0.3,1.9,7.5
Washington,Cowlitz,2025,21,1.0,10.5,79.6,0.6,0.8,1.2,6.3
Washington,Franklin,2025,22,1.0,55.3,37.1,1.9,0.2,1.7,3.1
Washington,Garfield,2025,18,1.0,5.0,86.4,0.8,0.0,2.1,5.7
Washington,Grant,2025,26,1.0,43.9,49.2,1.2,0.6,0.8,4.1
Washington,Grays Harbor,2025,19,1.0,11.2,76.0,1.5,3.8,1.3,5.2
Washington,Jefferson,2025,19,1.0,4.4,84.6,0.3,1.0,1.3,6.5
Washington,King,2025,43,1.0,11.0,52.9,6.4,0.4,20.5,7.3
Washington,Kitsap,2025,21,1.0,9.4,72.6,2.2,0.8,4.8,8.6
Washington,Kittitas,2025,22,1.0,10.5,79.3,1.1,0.3,1.7,6.1
Washington,Klickitat,2025,14,0.1055555555555555,13.2,78.8,0.3,1.3,0.8,4.7
Washington,Lewis,2025,18,1.0,11.5,79.9,0.7,1.0,1.1,4.9
Washington,Mason,2025,21,1.0,12.8,74.9,1.0,1.4,1.0,7.7
Washington,Okanogan,2025,31,1.0,21.0,62.4,1.3,8.3,0.6,5.8
Washington,Pacific,2025,15,1.0,9.9,79.4,0.5,1.9,1.6,5.5
Washington,Pierce,2025,44,1.0,12.8,61.4,7.0,0.6,6.8,9.2
Washington,Skagit,2025,22,1.0,19.3,70.9,0.7,1.0,2.1,5.2
Washington,Snohomish,2025,41,1.0,12.1,62.0,3.6,0.6,13.6,6.9
Washington,Spokane,2025,42,1.0,7.1,80.9,1.9,0.7,2.2,6.0
Washington,Stevens,2025,27,1.0,4.2,83.8,0.3,3.8,0.8,5.8
Washington,Thurston,2025,26,0.8944444444444445,10.6,69.5,3.2,0.8,6.0,7.9
Washington,Walla Walla,2025,25,1.0,23.8,67.7,1.6,0.3,1.8,4.1
Washington,Whatcom,2025,30,1.0,10.6,75.7,0.9,1.6,4.4,6.2
Washington,Whitman,2025,20,1.0,8.1,73.5,1.4,0.3,6.8,8.6
Washington,Yakima,2025,34,1.0,52.4,39.4,0.6,2.3,1.1,3.5
West Virginia,Berkeley,2025,40,0.7055555555555556,6.4,79.7,7.1,0.1,1.0,5.0
West Virginia,Brooke,2025,35,0.8833333333333333,1.4,92.4,1.5,0.0,0.7,4.0
West Virginia,Cabell,2025,41,1.0,1.8,88.8,4.1,0.1,1.2,3.9
West Virginia,Greenbrier,2025,42,0.6722222222222223,1.9,91.7,2.3,0.1,0.7,3.2
West Virginia,Hancock,2025,42,1.0,1.7,92.0,1.8,0.0,0.5,3.5
West Virginia,Harrison,2025,32,0.3333333333333333,2.3,91.8,1.5,0.1,0.8,3.5
West Virginia,Kanawha,2025,40,1.0,1.6,85.9,4.8,0.1,1.1,6.1
West Virginia,Marion,2025,34,0.3277777777777778,1.6,91.0,2.5,0.0,0.6,3.9
West Virginia,Marshall,2025,41,0.8555555555555555,1.2,92.9,0.3,0.1,0.3,4.1
West Virginia,Monongalia,2025,43,0.7166666666666667,3.2,85.8,3.1,0.1,3.5,3.7
West Virginia,Ohio,2025,42,0.75,1.7,89.8,3.3,0.1,0.5,4.5
West Virginia,Tucker,2025,38,1.0,0.5,96.9,0.0,0.0,0.0,2.6
West Virginia,Wood,2025,39,0.7722222222222223,1.5,93.6,1.1,0.1,0.4,3.0
Wisconsin,Ashland,2025,39,1.0,3.0,81.3,0.5,9.3,0.7,5.1
Wisconsin,Brown,2025,37,1.0,10.3,77.3,2.4,1.5,3.3,4.8
Wisconsin,Columbia,2025,42,0.5055555555555555,4.1,90.3,1.6,0.4,0.8,2.6
Wisconsin,Dane,2025,40,1.0,7.8,75.8,5.1,0.1,6.1,4.6
Wisconsin,Dodge,2025,39,1.0,6.7,87.3,2.5,0.3,0.5,2.5
Wisconsin,Door,2025,40,0.5055555555555555,4.2,91.5,0.0,0.4,0.5,3.4
Wisconsin,Eau Claire,2025,38,1.0,3.2,87.2,1.2,0.2,4.1,3.5
Wisconsin,Fond du Lac,2025,39,0.5111111111111111,6.8,86.0,1.7,0.1,1.8,3.0
Wisconsin,Forest,2025,41,0.9833333333333332,2.2,77.7,0.4,10.6,0.1,7.5
Wisconsin,Grant,2025,37,1.0,2.6,93.0,1.5,0.1,0.7,1.9
Wisconsin,Jackson,2025,29,0.8333333333333334,3.7,85.3,1.9,4.5,0.5,3.6
Wisconsin,Jefferson,2025,41,0.5111111111111111,8.5,87.0,0.9,0.1,0.6,2.7
Wisconsin,Kenosha,2025,40,1.0,15.2,71.5,5.9,0.1,1.8,4.7
Wisconsin,Kewaunee,2025,41,0.5111111111111111,4.1,92.0,0.4,0.1,0.5,2.6
Wisconsin,La Crosse,2025,40,0.5111111111111111,2.7,87.4,1.5,0.2,4.5,3.4
Wisconsin,Manitowoc,2025,37,0.5111111111111111,5.5,87.3,0.8,0.2,2.4,3.4
Wisconsin,Marathon,2025,36,1.0,3.5,86.2,0.6,0.1,5.7,3.6
Wisconsin,Milwaukee,2025,41,1.0,17.0,48.1,25.4,0.3,4.8,4.1
Wisconsin,Monroe,2025,31,0.6722222222222223,5.8,88.1,1.5,0.7,0.8,3.1
Wisconsin,Outagamie,2025,38,1.0,5.3,84.9,1.5,0.9,3.7,3.5
Wisconsin,Ozaukee,2025,35,1.0,3.7,89.2,1.5,0.1,2.2,3.0
Wisconsin,Racine,2025,41,0.5111111111111111,15.1,68.6,10.3,0.2,1.1,4.2
Wisconsin,Rock,2025,42,0.5111111111111111,10.1,79.6,4.6,0.0,1.1,4.2
Wisconsin,Sauk,2025,34,1.0,6.8,86.3,0.8,0.5,0.4,4.4
Wisconsin,Sheboygan,2025,41,0.5111111111111111,7.8,80.8,2.1,0.1,5.8,3.1
Wisconsin,Taylor,2025,37,1.0,3.0,93.8,0.3,0.1,0.3,1.8
Wisconsin,Vilas,2025,41,0.5111111111111111,2.3,84.8,0.3,8.1,0.4,3.9
Wisconsin,Walworth,2025,44,0.5111111111111111,12.1,83.1,0.7,0.1,0.8,2.8
Wisconsin,Waukesha,2025,41,1.0,5.7,85.0,1.5,0.1,3.9,3.2
Wyoming,Albany,2025,50,1.0,10.6,79.9,1.0,0.2,3.6,4.4
Wyoming,Campbell,2025,43,1.0,9.7,84.2,0.3,0.8,0.2,4.6
Wyoming,Carbon,2025,7,1.0,18.3,75.4,1.4,0.7,0.2,3.9
Wyoming,Converse,2025,41,1.0,8.2,87.2,0.6,0.0,0.2,3.8
Wyoming,Fremont,2025,48,1.0,6.9,68.7,0.5,17.5,0.3,5.1
Wyoming,Johnson,2025,42,1.0,4.3,90.0,0.0,1.7,0.5,2.9
Wyoming,Laramie,2025,47,1.0,15.8,74.9,2.1,0.4,1.0,4.1
Wyoming,Lincoln,2025,10,1.0,5.5,90.8,0.0,0.3,0.3,2.7
Wyoming,Natrona,2025,44,1.0,9.5,84.6,0.5,0.3,0.6,4.1
Wyoming,Park,2025,14,1.0,6.0,86.9,0.2,0.2,0.4,3.9
Wyoming,Platte,2025,14,0.9944444444444444,8.8,85.0,0.3,0.4,0.0,4.9
Wyoming,Sheridan,2025,33,0.9722222222222222,5.0,89.2,0.7,0.6,1.0,3.0
Wyoming,Sublette,2025,47,1.0,7.3,86.5,0.1,0.2,0.0,5.3
Wyoming,Sweetwater,2025,45,1.0,16.8,76.8,1.3,0.5,0.5,3.3
Wyoming,Teton,2025,45,1.0,15.3,77.6,0.4,0.3,1.6,4.0
Wyoming,Uinta,2025,10,0.4833333333333333,10.1,85.8,0.6,0.1,0.2,3.1
Wyoming,Washakie,2025,10,1.0,14.1,80.6,0.1,0.2,0.3,4.4
